{
  "baseline": {
    "bleu1": 0.9821958456973294,
    "bleu2": 0.9767391418465888,
    "bleu3": 0.9690970002947602,
    "bleu4": 0.9573613307408231
  },
  "freqaware": {
    "bleu1": 0.9754120507970818,
    "bleu2": 0.9686258740350239,
    "bleu3": 0.9590232650050494,
    "bleu4": 0.9445781261671017
  }
}