{
  "baseline": {
    "bleu1": 0.6196131009385175,
    "bleu2": 0.4444383695068062,
    "bleu3": 0.31867264609196805,
    "bleu4": 0.21659900423743778
  },
  "freqaware": {
    "bleu1": 0.5772128060263654,
    "bleu2": 0.38931139538974674,
    "bleu3": 0.2637333473361315,
    "bleu4": 0.17525280180396396
  }
}