{
  "5": 0.06347123966664751,
  "10": 0.09691367256425035,
  "20": 0.17610478803462043,
  "30": 0.16162008191143767,
  "40": 0.16656992532980272,
  "56": 0.16275006297427674
}